round,date,actual,model_max_hit,model_3plus,model_4plus,model_5plus,model_6plus,model_7,random_max_hit,random_3plus,random_4plus,random_5plus,random_6plus,random_7,model_total_hits,random_total_hits,cost_10tickets
201,,08 11 17 24 28 31 32,3,2,0,0,0,0,4,1,1,0,0,0,18,18,3000
202,,03 07 11 16 22 34 37,1,0,0,0,0,0,3,1,0,0,0,0,5,12,3000
203,,06 13 17 22 32 33 36,3,1,0,0,0,0,2,0,0,0,0,0,8,10,3000
204,,05 19 20 21 30 34 36,4,2,1,0,0,0,2,0,0,0,0,0,21,11,3000
205,,04 05 19 31 35 36 37,2,0,0,0,0,0,3,1,0,0,0,0,16,14,3000
206,,01 06 07 11 27 35 36,3,1,0,0,0,0,3,1,0,0,0,0,8,16,3000
207,,04 05 10 13 28 32 33,2,0,0,0,0,0,3,1,0,0,0,0,10,16,3000
208,,04 13 16 18 22 26 33,3,1,0,0,0,0,3,1,0,0,0,0,11,13,3000
209,,03 04 06 13 22 31 36,2,0,0,0,0,0,3,1,0,0,0,0,7,15,3000
210,,02 04 06 11 15 19 36,3,2,0,0,0,0,3,2,0,0,0,0,19,10,3000
211,,07 15 22 25 31 32 35,2,0,0,0,0,0,4,2,1,0,0,0,10,19,3000
212,,04 06 10 19 20 24 29,3,1,0,0,0,0,2,0,0,0,0,0,11,12,3000
213,,05 13 15 18 19 24 35,1,0,0,0,0,0,4,3,1,0,0,0,4,17,3000
214,,02 06 09 12 31 36 37,3,2,0,0,0,0,2,0,0,0,0,0,20,11,3000
215,,11 12 13 21 29 36 37,2,0,0,0,0,0,2,0,0,0,0,0,9,12,3000
216,,09 14 22 24 25 36 37,2,0,0,0,0,0,3,3,0,0,0,0,9,18,3000
217,,04 06 26 27 28 35 36,3,3,0,0,0,0,3,1,0,0,0,0,16,14,3000
218,,15 16 17 21 26 29 30,3,2,0,0,0,0,3,1,0,0,0,0,16,12,3000
219,,06 09 13 14 21 25 31,2,0,0,0,0,0,4,2,1,0,0,0,6,13,3000
220,,07 09 11 18 25 28 35,2,0,0,0,0,0,3,1,0,0,0,0,11,11,3000
221,,01 02 09 11 17 30 35,3,1,0,0,0,0,3,3,0,0,0,0,10,16,3000
222,,03 09 18 21 23 27 29,3,3,0,0,0,0,4,1,1,0,0,0,21,12,3000
223,,10 13 19 21 26 33 34,4,3,2,0,0,0,3,1,0,0,0,0,21,14,3000
224,,02 04 07 10 12 29 34,2,0,0,0,0,0,3,1,0,0,0,0,7,13,3000
225,,13 15 17 18 20 21 26,3,1,0,0,0,0,4,2,1,0,0,0,12,18,3000
226,,12 17 21 24 26 30 32,3,1,0,0,0,0,3,1,0,0,0,0,14,15,3000
227,,02 03 07 09 22 23 26,2,0,0,0,0,0,3,1,0,0,0,0,8,14,3000
228,,06 11 14 21 24 28 31,3,3,0,0,0,0,3,1,0,0,0,0,20,17,3000
229,,02 03 09 30 33 36 37,3,1,0,0,0,0,3,1,0,0,0,0,13,16,3000
230,,03 05 08 15 22 25 27,3,4,0,0,0,0,4,4,1,0,0,0,24,19,3000
231,,04 15 18 24 25 34 36,4,2,1,0,0,0,2,0,0,0,0,0,19,14,3000
232,,02 04 07 09 15 35 37,3,2,0,0,0,0,3,2,0,0,0,0,16,13,3000
233,,03 13 17 25 26 27 29,3,1,0,0,0,0,3,2,0,0,0,0,16,19,3000
234,,07 14 15 16 23 25 30,2,0,0,0,0,0,2,0,0,0,0,0,14,12,3000
235,,02 09 13 18 21 33 34,2,0,0,0,0,0,3,2,0,0,0,0,9,15,3000
236,,19 22 23 34 35 36 37,3,2,0,0,0,0,3,1,0,0,0,0,20,10,3000
237,,03 04 07 19 20 21 29,2,0,0,0,0,0,4,2,1,0,0,0,13,10,3000
238,,03 21 26 33 34 35 37,2,0,0,0,0,0,3,2,0,0,0,0,5,17,3000
239,,08 13 17 21 23 28 37,2,0,0,0,0,0,3,1,0,0,0,0,13,13,3000
240,,09 12 14 24 29 31 35,3,2,0,0,0,0,2,0,0,0,0,0,20,13,3000
241,,05 11 12 19 21 26 28,2,0,0,0,0,0,2,0,0,0,0,0,10,12,3000
242,,01 05 13 17 31 32 35,4,1,1,0,0,0,3,1,0,0,0,0,19,16,3000
243,,06 09 13 18 20 22 30,3,2,0,0,0,0,3,1,0,0,0,0,18,15,3000
244,,02 09 17 22 32 34 36,2,0,0,0,0,0,2,0,0,0,0,0,12,8,3000
245,,02 08 09 11 24 26 27,2,0,0,0,0,0,3,1,0,0,0,0,10,16,3000
246,,03 06 09 19 23 25 31,3,1,0,0,0,0,4,1,1,0,0,0,14,15,3000
247,,10 12 13 16 34 35 36,4,4,1,0,0,0,2,0,0,0,0,0,24,11,3000
248,,01 05 06 22 25 27 31,2,0,0,0,0,0,3,1,0,0,0,0,4,14,3000
249,,09 20 28 29 31 34 37,3,2,0,0,0,0,3,1,0,0,0,0,16,15,3000
250,,05 09 10 13 26 30 34,2,0,0,0,0,0,3,2,0,0,0,0,11,13,3000
251,,01 15 20 26 28 34 37,3,1,0,0,0,0,4,1,1,0,0,0,17,12,3000
252,,08 23 24 25 27 30 31,2,0,0,0,0,0,2,0,0,0,0,0,6,12,3000
253,,06 07 09 12 15 17 24,3,1,0,0,0,0,2,0,0,0,0,0,11,11,3000
254,,01 12 14 18 23 24 31,1,0,0,0,0,0,3,2,0,0,0,0,5,18,3000
255,,01 04 11 13 15 21 32,4,5,2,0,0,0,2,0,0,0,0,0,25,8,3000
256,,14 21 24 27 30 33 37,4,1,1,0,0,0,2,0,0,0,0,0,12,11,3000
257,,05 15 16 26 27 32 35,3,1,0,0,0,0,3,2,0,0,0,0,12,15,3000
258,,01 03 11 20 23 32 35,2,0,0,0,0,0,3,1,0,0,0,0,11,11,3000
259,,05 06 15 19 22 29 32,3,2,0,0,0,0,2,0,0,0,0,0,17,13,3000
260,,04 08 12 23 29 31 34,3,1,0,0,0,0,2,0,0,0,0,0,9,10,3000
261,,04 14 15 17 21 23 26,2,0,0,0,0,0,4,1,1,0,0,0,13,15,3000
262,,02 06 07 09 19 23 36,5,7,4,1,0,0,3,1,0,0,0,0,32,14,3000
263,,01 05 11 16 27 35 36,2,0,0,0,0,0,2,0,0,0,0,0,13,8,3000
264,,08 13 15 17 21 26 29,2,0,0,0,0,0,3,3,0,0,0,0,13,20,3000
265,,12 13 15 19 21 24 36,2,0,0,0,0,0,3,3,0,0,0,0,11,17,3000
266,,06 11 15 17 20 27 32,2,0,0,0,0,0,4,3,1,0,0,0,8,17,3000
267,,08 13 18 20 23 25 26,3,1,0,0,0,0,3,2,0,0,0,0,14,20,3000
268,,04 05 09 15 29 31 33,3,2,0,0,0,0,3,2,0,0,0,0,15,17,3000
269,,01 09 15 24 31 33 36,2,0,0,0,0,0,2,0,0,0,0,0,5,9,3000
270,,01 02 11 13 15 24 25,3,1,0,0,0,0,2,0,0,0,0,0,10,9,3000
271,,01 09 15 16 19 32 35,2,0,0,0,0,0,3,2,0,0,0,0,8,17,3000
272,,02 05 08 15 18 26 31,1,0,0,0,0,0,2,0,0,0,0,0,4,12,3000
273,,13 15 21 23 26 32 34,3,1,0,0,0,0,3,1,0,0,0,0,13,12,3000
274,,09 14 21 23 25 26 37,2,0,0,0,0,0,3,1,0,0,0,0,10,10,3000
275,,08 09 15 19 24 25 35,3,2,0,0,0,0,3,1,0,0,0,0,14,15,3000
276,,03 06 12 17 22 34 35,3,1,0,0,0,0,2,0,0,0,0,0,14,9,3000
277,,06 07 09 11 21 23 25,4,3,1,0,0,0,4,1,1,0,0,0,21,14,3000
278,,06 09 14 21 23 33 36,3,2,0,0,0,0,3,1,0,0,0,0,17,14,3000
279,,07 11 15 17 19 23 31,2,0,0,0,0,0,2,0,0,0,0,0,11,12,3000
280,,04 09 10 11 24 32 35,2,0,0,0,0,0,2,0,0,0,0,0,16,11,3000
281,,01 02 17 19 20 22 26,2,0,0,0,0,0,4,2,1,0,0,0,9,19,3000
282,,10 17 18 25 29 35 36,1,0,0,0,0,0,2,0,0,0,0,0,6,8,3000
283,,13 14 15 17 23 29 31,3,1,0,0,0,0,2,0,0,0,0,0,12,9,3000
284,,06 07 10 25 29 30 33,3,2,0,0,0,0,3,1,0,0,0,0,15,15,3000
285,,11 15 21 26 30 34 35,4,2,1,0,0,0,2,0,0,0,0,0,15,8,3000
286,,04 05 14 17 18 29 37,2,0,0,0,0,0,3,1,0,0,0,0,7,12,3000
287,,02 07 10 20 24 29 34,2,0,0,0,0,0,4,3,1,0,0,0,6,16,3000
288,,01 08 09 16 27 32 37,3,3,0,0,0,0,2,0,0,0,0,0,20,10,3000
289,,02 07 10 12 16 17 34,2,0,0,0,0,0,3,1,0,0,0,0,8,12,3000
290,,03 13 22 26 31 32 37,2,0,0,0,0,0,2,0,0,0,0,0,5,11,3000
291,,01 11 18 19 21 29 37,3,1,0,0,0,0,3,1,0,0,0,0,14,13,3000
292,,12 15 25 26 27 29 35,3,1,0,0,0,0,2,0,0,0,0,0,14,12,3000
293,,11 13 15 20 27 29 35,2,0,0,0,0,0,3,1,0,0,0,0,9,14,3000
294,,03 04 06 10 14 22 29,3,1,0,0,0,0,2,0,0,0,0,0,9,10,3000
295,,04 05 06 08 09 22 32,3,1,0,0,0,0,2,0,0,0,0,0,15,14,3000
296,,01 08 10 12 18 28 29,3,1,0,0,0,0,3,2,0,0,0,0,17,12,3000
297,,02 03 11 16 23 28 36,3,6,0,0,0,0,2,0,0,0,0,0,26,13,3000
298,,01 03 08 11 18 19 22,2,0,0,0,0,0,3,1,0,0,0,0,6,16,3000
299,,01 06 10 13 16 26 36,2,0,0,0,0,0,2,0,0,0,0,0,10,16,3000
300,,04 07 21 31 33 34 35,4,3,1,0,0,0,3,1,0,0,0,0,21,15,3000
301,,04 11 12 25 27 30 33,3,4,0,0,0,0,3,1,0,0,0,0,20,16,3000
302,,08 16 26 27 28 32 34,2,0,0,0,0,0,2,0,0,0,0,0,9,13,3000
303,,04 07 14 17 21 34 37,3,2,0,0,0,0,3,1,0,0,0,0,18,15,3000
304,,07 09 10 17 28 33 36,3,1,0,0,0,0,4,1,1,0,0,0,13,16,3000
305,,06 17 23 24 27 28 31,4,4,1,0,0,0,2,0,0,0,0,0,22,16,3000
306,,12 13 15 22 25 33 35,3,2,0,0,0,0,3,1,0,0,0,0,20,14,3000
307,,05 08 15 24 25 32 35,2,0,0,0,0,0,2,0,0,0,0,0,14,11,3000
308,,05 06 11 15 20 32 33,3,1,0,0,0,0,3,1,0,0,0,0,16,17,3000
309,,01 07 13 14 16 21 22,2,0,0,0,0,0,3,1,0,0,0,0,12,14,3000
310,,17 25 26 28 31 32 37,2,0,0,0,0,0,3,1,0,0,0,0,9,12,3000
311,,09 11 18 24 26 27 37,3,2,0,0,0,0,2,0,0,0,0,0,17,7,3000
312,,01 02 04 18 20 29 34,3,5,0,0,0,0,3,1,0,0,0,0,23,13,3000
313,,09 13 16 23 28 29 30,3,1,0,0,0,0,2,0,0,0,0,0,12,7,3000
314,,03 06 08 19 32 34 35,6,6,3,1,1,0,3,1,0,0,0,0,31,16,3000
315,,03 11 18 26 30 33 37,3,1,0,0,0,0,4,3,2,0,0,0,11,19,3000
316,,03 09 10 17 30 33 34,3,2,0,0,0,0,3,1,0,0,0,0,17,8,3000
317,,07 08 14 15 16 20 29,2,0,0,0,0,0,3,2,0,0,0,0,15,18,3000
318,,04 05 10 12 27 34 36,3,5,0,0,0,0,2,0,0,0,0,0,24,9,3000
319,,02 06 14 23 28 31 35,3,3,0,0,0,0,3,1,0,0,0,0,21,12,3000
320,,05 06 18 22 26 33 34,4,4,2,0,0,0,2,0,0,0,0,0,25,7,3000
321,,15 24 27 28 29 34 35,2,0,0,0,0,0,2,0,0,0,0,0,10,13,3000
322,,01 10 11 21 26 29 30,4,6,1,0,0,0,3,2,0,0,0,0,25,14,3000
323,,11 14 15 21 26 34 36,1,0,0,0,0,0,3,1,0,0,0,0,3,17,3000
324,,09 13 16 17 18 19 20,3,1,0,0,0,0,3,1,0,0,0,0,17,16,3000
325,,04 14 17 18 21 31 33,1,0,0,0,0,0,3,1,0,0,0,0,7,14,3000
326,,01 02 17 18 24 27 29,2,0,0,0,0,0,3,1,0,0,0,0,7,12,3000
327,,01 03 13 14 16 30 31,2,0,0,0,0,0,2,0,0,0,0,0,6,9,3000
328,,03 09 10 14 19 24 30,2,0,0,0,0,0,2,0,0,0,0,0,7,15,3000
329,,03 10 19 20 26 28 30,1,0,0,0,0,0,4,1,1,0,0,0,4,17,3000
330,,03 04 10 12 17 18 20,2,0,0,0,0,0,3,1,0,0,0,0,6,10,3000
331,,05 07 11 12 15 18 20,2,0,0,0,0,0,3,1,0,0,0,0,12,11,3000
332,,05 07 10 15 24 27 30,2,0,0,0,0,0,4,3,3,0,0,0,6,21,3000
333,,01 04 10 11 16 24 34,2,0,0,0,0,0,3,1,0,0,0,0,7,14,3000
334,,03 07 15 16 30 34 35,2,0,0,0,0,0,3,1,0,0,0,0,11,15,3000
335,,09 10 17 18 22 25 35,3,2,0,0,0,0,3,1,0,0,0,0,18,17,3000
336,,09 10 13 21 25 31 33,3,1,0,0,0,0,2,0,0,0,0,0,16,14,3000
337,,05 07 10 12 14 24 35,3,1,0,0,0,0,3,1,0,0,0,0,11,10,3000
338,,07 09 16 17 23 27 34,2,0,0,0,0,0,3,1,0,0,0,0,12,9,3000
339,,11 15 18 20 23 25 32,3,3,0,0,0,0,2,0,0,0,0,0,19,8,3000
340,,06 14 17 26 27 30 36,4,1,1,0,0,0,3,1,0,0,0,0,20,12,3000
341,,04 11 17 27 29 31 36,2,0,0,0,0,0,3,1,0,0,0,0,6,13,3000
342,,03 06 24 28 32 35 36,3,1,0,0,0,0,3,1,0,0,0,0,13,14,3000
343,,17 19 22 29 30 31 32,2,0,0,0,0,0,3,1,0,0,0,0,7,11,3000
344,,11 19 28 29 31 32 37,2,0,0,0,0,0,2,0,0,0,0,0,12,12,3000
345,,06 09 10 18 28 31 32,3,1,0,0,0,0,3,2,0,0,0,0,12,16,3000
346,,11 16 18 23 30 31 35,2,0,0,0,0,0,3,1,0,0,0,0,12,16,3000
347,,03 06 11 13 18 20 34,4,1,1,0,0,0,2,0,0,0,0,0,11,9,3000
348,,02 05 17 18 19 20 33,3,2,0,0,0,0,3,1,0,0,0,0,13,9,3000
349,,04 10 11 15 18 22 34,2,0,0,0,0,0,4,2,1,0,0,0,10,17,3000
350,,10 19 21 23 24 30 37,3,2,0,0,0,0,3,1,0,0,0,0,17,12,3000
351,,08 13 17 19 23 25 28,3,1,0,0,0,0,2,0,0,0,0,0,18,11,3000
352,,03 04 14 18 26 30 32,3,1,0,0,0,0,3,1,0,0,0,0,12,13,3000
353,,11 15 22 23 24 29 33,2,0,0,0,0,0,3,2,0,0,0,0,11,14,3000
354,,01 02 08 10 13 25 31,3,2,0,0,0,0,3,1,0,0,0,0,12,13,3000
355,,04 06 09 10 23 27 33,3,2,0,0,0,0,2,0,0,0,0,0,14,8,3000
356,,04 16 20 30 33 34 36,3,2,0,0,0,0,3,1,0,0,0,0,20,16,3000
357,,05 08 12 13 14 24 30,2,0,0,0,0,0,4,1,1,0,0,0,14,14,3000
358,,05 13 14 26 32 33 34,1,0,0,0,0,0,2,0,0,0,0,0,8,15,3000
359,,04 07 11 17 19 26 35,5,8,3,1,0,0,2,0,0,0,0,0,31,12,3000
360,,09 11 13 14 20 22 37,3,3,0,0,0,0,2,0,0,0,0,0,15,15,3000
361,,05 09 16 20 29 33 35,1,0,0,0,0,0,2,0,0,0,0,0,4,13,3000
362,,04 07 08 14 22 24 27,2,0,0,0,0,0,3,1,0,0,0,0,7,17,3000
363,,13 15 17 22 26 34 36,2,0,0,0,0,0,4,1,1,0,0,0,10,18,3000
364,,03 09 10 14 16 20 27,3,1,0,0,0,0,3,2,0,0,0,0,15,17,3000
365,,01 04 13 14 16 22 35,2,0,0,0,0,0,3,1,0,0,0,0,5,12,3000
366,,10 24 25 26 27 33 36,3,1,0,0,0,0,4,1,1,0,0,0,11,11,3000
367,,08 14 19 20 29 30 31,3,1,0,0,0,0,2,0,0,0,0,0,12,13,3000
368,,07 08 09 13 21 34 35,3,2,0,0,0,0,3,1,0,0,0,0,19,16,3000
369,,01 07 09 11 15 31 34,2,0,0,0,0,0,3,2,0,0,0,0,10,17,3000
370,,07 10 16 25 26 33 34,1,0,0,0,0,0,3,3,0,0,0,0,7,17,3000
371,,01 03 04 08 11 21 25,2,0,0,0,0,0,4,1,1,0,0,0,8,12,3000
372,,06 08 22 23 32 33 36,4,3,1,0,0,0,2,0,0,0,0,0,21,11,3000
373,,02 03 17 18 22 23 31,4,6,2,0,0,0,3,1,0,0,0,0,26,13,3000
374,,04 05 09 10 18 27 35,3,2,0,0,0,0,3,2,0,0,0,0,19,14,3000
375,,13 15 18 19 23 27 32,1,0,0,0,0,0,2,0,0,0,0,0,9,9,3000
376,,06 11 14 17 23 31 37,3,3,0,0,0,0,4,2,2,0,0,0,19,16,3000
377,,06 07 10 17 25 33 36,2,0,0,0,0,0,1,0,0,0,0,0,10,7,3000
378,,01 05 09 10 14 15 29,2,0,0,0,0,0,2,0,0,0,0,0,10,14,3000
379,,03 08 15 22 24 29 35,3,1,0,0,0,0,2,0,0,0,0,0,12,12,3000
380,,08 14 24 25 32 34 36,2,0,0,0,0,0,3,2,0,0,0,0,6,12,3000
381,,04 08 25 26 27 31 32,1,0,0,0,0,0,3,2,0,0,0,0,6,17,3000
382,,02 03 05 08 19 22 37,2,0,0,0,0,0,3,1,0,0,0,0,7,13,3000
383,,08 11 15 22 26 28 30,3,2,0,0,0,0,3,1,0,0,0,0,17,10,3000
384,,03 07 15 18 26 30 31,2,0,0,0,0,0,3,1,0,0,0,0,4,13,3000
385,,04 12 14 24 29 34 35,3,3,0,0,0,0,4,2,1,0,0,0,21,15,3000
386,,09 19 22 32 35 36 37,2,0,0,0,0,0,3,2,0,0,0,0,9,11,3000
387,,03 07 13 22 30 32 37,1,0,0,0,0,0,3,4,0,0,0,0,6,20,3000
388,,01 06 08 10 18 21 32,4,3,1,0,0,0,2,0,0,0,0,0,21,14,3000
389,,01 06 11 13 18 24 27,2,0,0,0,0,0,3,1,0,0,0,0,9,16,3000
390,,03 06 19 21 23 26 27,3,1,0,0,0,0,2,0,0,0,0,0,10,16,3000
391,,10 23 27 32 33 35 37,2,0,0,0,0,0,3,2,0,0,0,0,12,15,3000
392,,01 04 06 15 20 22 26,3,2,0,0,0,0,2,0,0,0,0,0,18,9,3000
393,,07 14 15 22 27 30 31,3,1,0,0,0,0,3,1,0,0,0,0,13,14,3000
394,,06 10 22 23 27 32 33,2,0,0,0,0,0,3,1,0,0,0,0,5,15,3000
395,,01 02 05 20 26 29 32,2,0,0,0,0,0,3,1,0,0,0,0,11,15,3000
396,,02 03 05 08 16 20 34,3,4,0,0,0,0,2,0,0,0,0,0,22,10,3000
397,,04 12 13 15 21 28 37,3,2,0,0,0,0,3,1,0,0,0,0,15,14,3000
398,,03 04 10 17 20 22 33,3,1,0,0,0,0,2,0,0,0,0,0,16,12,3000
399,,07 15 19 20 21 33 36,3,2,0,0,0,0,3,2,0,0,0,0,12,15,3000
400,,04 17 22 28 30 31 35,2,0,0,0,0,0,4,2,2,0,0,0,10,19,3000
401,,04 05 09 14 18 30 35,3,3,0,0,0,0,3,2,0,0,0,0,19,15,3000
402,,07 09 12 17 20 26 29,2,0,0,0,0,0,2,0,0,0,0,0,9,11,3000
403,,02 06 08 12 19 20 29,2,0,0,0,0,0,3,1,0,0,0,0,9,11,3000
404,,04 08 13 16 25 30 32,3,3,0,0,0,0,2,0,0,0,0,0,18,10,3000
405,,03 10 16 17 24 32 36,3,3,0,0,0,0,3,1,0,0,0,0,17,17,3000
406,,01 02 05 16 18 21 29,1,0,0,0,0,0,4,3,1,0,0,0,1,18,3000
407,,19 21 25 26 28 30 31,1,0,0,0,0,0,3,2,0,0,0,0,6,12,3000
408,,16 18 19 21 29 30 35,1,0,0,0,0,0,3,1,0,0,0,0,4,12,3000
409,,13 15 16 24 30 31 37,2,0,0,0,0,0,3,2,0,0,0,0,7,20,3000
410,,01 02 18 21 26 29 37,2,0,0,0,0,0,2,0,0,0,0,0,2,11,3000
411,,04 11 12 21 23 27 36,3,7,0,0,0,0,3,1,0,0,0,0,25,14,3000
412,,14 20 22 29 31 33 34,4,7,1,0,0,0,2,0,0,0,0,0,28,11,3000
413,,03 10 16 18 19 34 35,3,1,0,0,0,0,3,1,0,0,0,0,16,11,3000
414,,03 08 16 21 25 36 37,3,1,0,0,0,0,2,0,0,0,0,0,12,10,3000
415,,04 08 12 13 23 32 37,3,1,0,0,0,0,3,1,0,0,0,0,13,12,3000
416,,08 09 10 15 16 30 31,3,4,0,0,0,0,3,1,0,0,0,0,21,10,3000
417,,04 05 13 18 23 27 32,2,0,0,0,0,0,3,1,0,0,0,0,10,8,3000
418,,10 13 17 18 22 28 37,3,2,0,0,0,0,4,2,1,0,0,0,15,14,3000
419,,03 11 14 21 26 29 34,3,3,0,0,0,0,2,0,0,0,0,0,18,14,3000
420,,04 05 11 13 24 32 34,2,0,0,0,0,0,3,2,0,0,0,0,10,18,3000
421,,09 15 18 26 28 32 37,1,0,0,0,0,0,2,0,0,0,0,0,7,9,3000
422,,01 09 21 23 30 35 36,3,1,0,0,0,0,3,1,0,0,0,0,15,13,3000
423,,01 07 09 11 29 31 32,3,1,0,0,0,0,3,1,0,0,0,0,17,10,3000
424,,05 06 12 19 25 30 35,4,3,1,0,0,0,2,0,0,0,0,0,22,15,3000
425,,02 09 14 20 22 34 35,3,3,0,0,0,0,5,3,1,1,0,0,17,19,3000
426,,01 02 06 08 30 31 33,3,1,0,0,0,0,4,1,1,0,0,0,14,11,3000
427,,11 13 26 27 31 33 37,3,1,0,0,0,0,3,1,0,0,0,0,17,15,3000
428,,03 06 16 22 31 34 35,3,2,0,0,0,0,3,1,0,0,0,0,16,14,3000
429,,06 11 14 27 30 32 35,2,0,0,0,0,0,3,1,0,0,0,0,10,15,3000
430,,02 12 17 24 28 30 32,2,0,0,0,0,0,2,0,0,0,0,0,16,13,3000
431,,07 11 12 17 19 20 26,1,0,0,0,0,0,3,2,0,0,0,0,4,16,3000
432,,05 10 13 24 29 30 35,3,2,0,0,0,0,3,2,0,0,0,0,19,17,3000
433,,14 17 20 25 32 33 36,3,1,0,0,0,0,3,2,0,0,0,0,16,17,3000
434,,10 11 12 17 29 34 37,2,0,0,0,0,0,2,0,0,0,0,0,7,8,3000
435,,03 05 07 11 15 17 25,2,0,0,0,0,0,3,1,0,0,0,0,11,12,3000
436,,05 06 21 22 26 31 32,3,1,0,0,0,0,2,0,0,0,0,0,17,7,3000
437,,08 10 14 15 23 25 26,3,1,0,0,0,0,4,1,1,0,0,0,14,16,3000
438,,04 13 16 21 32 34 37,3,1,0,0,0,0,3,2,0,0,0,0,15,14,3000
439,,01 03 06 09 26 29 31,3,2,0,0,0,0,3,2,0,0,0,0,18,13,3000
440,,05 10 17 18 19 22 32,4,4,2,0,0,0,3,1,0,0,0,0,25,9,3000
441,,15 21 22 23 27 28 37,3,2,0,0,0,0,3,1,0,0,0,0,18,14,3000
442,,06 13 14 16 19 30 32,2,0,0,0,0,0,3,1,0,0,0,0,11,12,3000
443,,01 05 08 26 28 32 36,2,0,0,0,0,0,3,4,0,0,0,0,12,17,3000
444,,11 15 16 17 18 27 29,3,1,0,0,0,0,2,0,0,0,0,0,13,10,3000
445,,04 22 25 27 28 30 33,3,2,0,0,0,0,2,0,0,0,0,0,13,8,3000
446,,01 07 09 12 15 29 32,3,1,0,0,0,0,4,2,1,0,0,0,14,13,3000
447,,03 05 08 13 26 30 37,2,0,0,0,0,0,2,0,0,0,0,0,12,15,3000
448,,07 21 24 29 32 36 37,3,2,0,0,0,0,3,1,0,0,0,0,15,14,3000
449,,02 21 26 27 32 33 34,2,0,0,0,0,0,3,1,0,0,0,0,13,13,3000
450,,02 07 12 15 21 23 30,1,0,0,0,0,0,3,1,0,0,0,0,3,19,3000
451,,02 15 22 25 28 33 37,2,0,0,0,0,0,3,1,0,0,0,0,4,13,3000
452,,05 17 20 21 31 34 35,4,7,2,0,0,0,4,1,1,0,0,0,29,10,3000
453,,02 08 10 21 24 26 35,2,0,0,0,0,0,4,2,1,0,0,0,12,14,3000
454,,08 17 21 26 27 29 31,2,0,0,0,0,0,3,3,0,0,0,0,9,18,3000
455,,01 05 08 15 18 26 36,3,1,0,0,0,0,3,2,0,0,0,0,13,16,3000
456,,09 15 17 18 22 25 31,2,0,0,0,0,0,3,2,0,0,0,0,9,17,3000
457,,07 14 19 27 31 35 36,4,2,1,0,0,0,2,0,0,0,0,0,19,14,3000
458,,07 11 12 14 19 21 33,3,1,0,0,0,0,3,2,0,0,0,0,15,18,3000
459,,02 04 07 08 10 20 29,2,0,0,0,0,0,3,1,0,0,0,0,10,15,3000
460,,05 06 09 23 27 28 30,4,3,2,0,0,0,3,2,0,0,0,0,19,14,3000
461,,02 13 19 22 32 35 37,4,5,1,0,0,0,2,0,0,0,0,0,23,11,3000
462,,07 11 24 27 29 34 35,3,5,0,0,0,0,2,0,0,0,0,0,23,14,3000
463,,03 07 13 16 19 24 30,3,1,0,0,0,0,3,1,0,0,0,0,19,11,3000
464,,07 08 13 17 30 32 36,3,1,0,0,0,0,3,1,0,0,0,0,15,15,3000
465,,01 04 05 13 27 31 35,4,2,1,0,0,0,3,1,0,0,0,0,18,14,3000
466,,05 06 08 14 15 25 29,3,2,0,0,0,0,2,0,0,0,0,0,19,11,3000
467,,07 08 11 13 14 26 30,3,2,0,0,0,0,4,1,1,0,0,0,16,16,3000
468,,03 12 15 16 25 29 37,2,0,0,0,0,0,3,4,0,0,0,0,12,20,3000
469,,01 06 08 13 16 30 33,2,0,0,0,0,0,3,2,0,0,0,0,10,17,3000
470,,02 03 09 16 27 32 36,3,1,0,0,0,0,3,1,0,0,0,0,15,15,3000
471,,03 05 07 08 11 19 34,3,3,0,0,0,0,3,2,0,0,0,0,14,17,3000
472,,05 07 08 32 33 34 36,3,1,0,0,0,0,3,1,0,0,0,0,6,16,3000
473,,06 11 21 24 28 33 37,3,2,0,0,0,0,2,0,0,0,0,0,14,11,3000
474,,03 17 19 21 24 32 34,2,0,0,0,0,0,2,0,0,0,0,0,6,10,3000
475,,01 02 22 24 26 31 37,2,0,0,0,0,0,3,1,0,0,0,0,11,7,3000
476,,04 07 09 15 22 24 31,2,0,0,0,0,0,3,1,0,0,0,0,8,16,3000
477,,02 05 09 19 25 32 37,2,0,0,0,0,0,4,1,1,0,0,0,4,13,3000
478,,06 08 11 13 16 20 32,3,1,0,0,0,0,3,1,0,0,0,0,11,13,3000
479,,08 11 13 18 24 30 31,4,1,1,0,0,0,4,3,1,0,0,0,18,16,3000
480,,10 13 19 21 26 30 36,2,0,0,0,0,0,4,2,1,0,0,0,11,19,3000
481,,01 10 13 14 16 25 27,3,1,0,0,0,0,3,2,0,0,0,0,10,14,3000
482,,02 05 14 15 17 19 36,2,0,0,0,0,0,2,0,0,0,0,0,13,11,3000
483,,02 11 20 23 25 36 37,3,1,0,0,0,0,3,2,0,0,0,0,14,13,3000
484,,01 04 06 09 13 22 31,3,1,0,0,0,0,3,2,0,0,0,0,15,13,3000
485,,04 06 17 20 22 24 26,1,0,0,0,0,0,2,0,0,0,0,0,6,9,3000
486,,08 13 15 23 24 31 35,3,1,0,0,0,0,3,1,0,0,0,0,16,16,3000
487,,09 10 13 15 26 34 37,2,0,0,0,0,0,3,1,0,0,0,0,7,13,3000
488,,03 13 16 18 19 20 35,3,1,0,0,0,0,3,3,0,0,0,0,15,16,3000
489,,03 06 07 15 25 29 31,2,0,0,0,0,0,3,2,0,0,0,0,17,13,3000
490,,12 14 18 21 23 29 37,4,3,1,0,0,0,4,2,1,0,0,0,22,19,3000
491,,03 14 17 21 22 32 35,3,2,0,0,0,0,3,3,0,0,0,0,17,17,3000
492,,07 10 12 15 23 31 37,2,0,0,0,0,0,4,2,1,0,0,0,5,13,3000
493,,05 13 14 20 21 25 31,3,2,0,0,0,0,3,1,0,0,0,0,18,15,3000
494,,07 09 12 22 28 29 32,2,0,0,0,0,0,3,1,0,0,0,0,12,14,3000
495,,02 16 19 20 22 33 36,3,2,0,0,0,0,4,5,2,0,0,0,20,23,3000
496,,05 08 15 18 25 27 36,3,1,0,0,0,0,3,1,0,0,0,0,18,17,3000
497,,18 20 24 26 27 30 33,3,2,0,0,0,0,2,0,0,0,0,0,19,11,3000
498,,06 08 12 20 21 24 29,2,0,0,0,0,0,3,1,0,0,0,0,7,12,3000
499,,05 09 14 18 27 32 34,3,1,0,0,0,0,3,1,0,0,0,0,17,14,3000
500,,17 18 24 30 31 32 35,3,3,0,0,0,0,3,1,0,0,0,0,19,17,3000
501,,01 02 04 07 12 14 31,3,2,0,0,0,0,3,1,0,0,0,0,16,14,3000
502,,01 02 12 17 21 22 33,2,0,0,0,0,0,4,1,1,0,0,0,6,13,3000
503,,05 07 08 13 23 26 33,4,2,2,0,0,0,2,0,0,0,0,0,16,13,3000
504,,01 03 04 05 06 29 31,2,0,0,0,0,0,3,2,0,0,0,0,7,13,3000
505,,09 10 12 15 16 28 36,3,3,0,0,0,0,3,2,0,0,0,0,20,18,3000
506,,08 14 19 22 29 31 37,4,1,1,0,0,0,2,0,0,0,0,0,21,11,3000
507,,04 19 25 26 30 32 36,3,1,0,0,0,0,4,1,1,0,0,0,13,17,3000
508,,01 05 06 09 16 26 31,2,0,0,0,0,0,2,0,0,0,0,0,10,10,3000
509,,10 14 22 26 27 32 33,2,0,0,0,0,0,2,0,0,0,0,0,10,11,3000
510,,03 05 09 11 17 33 37,3,1,0,0,0,0,3,3,0,0,0,0,17,17,3000
511,,01 09 14 24 28 36 37,1,0,0,0,0,0,3,1,0,0,0,0,4,13,3000
512,,05 07 17 22 25 26 28,2,0,0,0,0,0,3,3,0,0,0,0,10,16,3000
513,,01 04 10 13 15 19 37,2,0,0,0,0,0,2,0,0,0,0,0,9,11,3000
514,,01 05 10 17 20 27 37,2,0,0,0,0,0,3,2,0,0,0,0,13,16,3000
515,,03 15 17 22 26 27 28,3,1,0,0,0,0,3,1,0,0,0,0,4,15,3000
516,,07 12 15 16 18 25 36,3,3,0,0,0,0,2,0,0,0,0,0,19,12,3000
517,,03 06 10 16 26 29 31,3,1,0,0,0,0,3,1,0,0,0,0,14,15,3000
518,,05 08 11 24 30 32 36,3,3,0,0,0,0,2,0,0,0,0,0,20,7,3000
519,,01 02 08 14 17 21 34,4,7,1,0,0,0,2,0,0,0,0,0,28,13,3000
520,,09 22 25 28 33 34 37,2,0,0,0,0,0,4,2,1,0,0,0,14,18,3000
521,,21 24 25 27 30 33 36,2,0,0,0,0,0,3,2,0,0,0,0,6,17,3000
522,,01 10 12 19 22 25 37,3,1,0,0,0,0,2,0,0,0,0,0,9,12,3000
523,,03 17 19 27 28 32 35,2,0,0,0,0,0,3,1,0,0,0,0,16,16,3000
524,,04 17 22 27 29 31 34,3,1,0,0,0,0,3,1,0,0,0,0,13,11,3000
525,,11 14 17 18 21 25 31,3,1,0,0,0,0,3,2,0,0,0,0,11,15,3000
526,,04 13 17 19 20 26 29,3,2,0,0,0,0,2,0,0,0,0,0,18,13,3000
527,,04 08 12 25 27 32 34,2,0,0,0,0,0,2,0,0,0,0,0,8,13,3000
528,,05 07 10 19 30 32 33,4,5,1,0,0,0,2,0,0,0,0,0,22,11,3000
529,,07 09 13 14 22 26 29,3,1,0,0,0,0,3,1,0,0,0,0,11,12,3000
530,,01 11 13 28 29 30 34,2,0,0,0,0,0,3,2,0,0,0,0,8,15,3000
531,,04 06 09 11 14 28 30,2,0,0,0,0,0,3,1,0,0,0,0,10,11,3000
532,,04 09 13 18 26 28 36,2,0,0,0,0,0,3,1,0,0,0,0,8,11,3000
533,,02 04 09 11 14 25 37,3,1,0,0,0,0,3,1,0,0,0,0,14,14,3000
534,,10 17 18 19 20 24 25,3,1,0,0,0,0,2,0,0,0,0,0,8,11,3000
535,,05 11 12 19 29 32 36,3,1,0,0,0,0,3,3,0,0,0,0,9,21,3000
536,,08 12 16 17 22 28 34,3,1,0,0,0,0,2,0,0,0,0,0,16,10,3000
537,,02 03 09 13 14 35 37,3,2,0,0,0,0,3,1,0,0,0,0,15,17,3000
538,,01 02 11 12 16 25 28,2,0,0,0,0,0,3,1,0,0,0,0,8,11,3000
539,,04 06 08 18 20 27 35,3,1,0,0,0,0,2,0,0,0,0,0,15,8,3000
540,,03 07 10 18 19 28 36,3,1,0,0,0,0,3,1,0,0,0,0,9,12,3000
541,,06 14 23 25 27 28 34,3,2,0,0,0,0,3,2,0,0,0,0,17,15,3000
542,,02 09 26 31 33 35 36,3,1,0,0,0,0,3,1,0,0,0,0,17,12,3000
543,,02 11 13 18 23 24 36,2,0,0,0,0,0,3,1,0,0,0,0,9,16,3000
544,,10 11 18 21 22 29 34,3,2,0,0,0,0,3,2,0,0,0,0,17,13,3000
545,,03 12 16 17 27 30 34,3,1,0,0,0,0,3,1,0,0,0,0,15,15,3000
546,,07 14 17 28 33 35 36,3,1,0,0,0,0,3,1,0,0,0,0,12,19,3000
547,,04 11 14 18 23 25 29,3,1,0,0,0,0,3,1,0,0,0,0,8,17,3000
548,,01 13 16 17 18 25 30,2,0,0,0,0,0,3,2,0,0,0,0,7,15,3000
549,,13 19 20 28 33 34 35,1,0,0,0,0,0,3,1,0,0,0,0,7,12,3000
550,,07 08 13 22 24 29 30,3,1,0,0,0,0,2,0,0,0,0,0,15,11,3000
551,,15 16 17 22 29 32 37,4,7,3,0,0,0,2,0,0,0,0,0,30,9,3000
552,,07 11 12 16 18 33 34,3,1,0,0,0,0,3,3,0,0,0,0,9,18,3000
553,,02 06 13 15 16 20 33,2,0,0,0,0,0,3,3,0,0,0,0,7,17,3000
554,,04 10 15 17 29 32 36,2,0,0,0,0,0,4,2,1,0,0,0,14,14,3000
555,,09 12 17 19 26 32 34,3,2,0,0,0,0,3,1,0,0,0,0,16,16,3000
556,,17 20 26 28 29 33 35,2,0,0,0,0,0,4,2,1,0,0,0,8,16,3000
557,,03 05 07 10 17 18 35,3,1,0,0,0,0,4,3,1,0,0,0,16,18,3000
558,,15 20 21 22 23 26 34,2,0,0,0,0,0,2,0,0,0,0,0,11,10,3000
559,,03 04 10 13 15 18 22,2,0,0,0,0,0,2,0,0,0,0,0,7,10,3000
560,,03 20 29 32 33 34 35,1,0,0,0,0,0,2,0,0,0,0,0,2,13,3000
561,,06 08 19 20 27 32 37,3,2,0,0,0,0,4,3,1,0,0,0,15,18,3000
562,,02 14 15 20 28 30 34,3,1,0,0,0,0,4,1,1,0,0,0,17,16,3000
563,,01 04 06 14 16 19 31,4,3,1,0,0,0,3,3,0,0,0,0,23,18,3000
564,,09 13 15 18 22 24 30,2,0,0,0,0,0,3,1,0,0,0,0,12,14,3000
565,,03 06 09 11 19 30 36,5,1,1,1,0,0,3,1,0,0,0,0,17,11,3000
566,,03 05 18 25 28 35 37,4,2,1,0,0,0,4,2,1,0,0,0,17,15,3000
567,,06 08 16 18 19 34 37,2,0,0,0,0,0,3,2,0,0,0,0,12,17,3000
568,,08 18 20 29 30 33 34,4,3,1,0,0,0,3,1,0,0,0,0,16,13,3000
569,,12 15 17 22 30 34 35,3,2,0,0,0,0,2,0,0,0,0,0,16,13,3000
570,,01 03 09 12 25 26 35,2,0,0,0,0,0,4,1,1,0,0,0,11,14,3000
571,,13 26 27 29 30 34 37,3,1,0,0,0,0,2,0,0,0,0,0,14,12,3000
572,,01 02 04 19 21 26 28,2,0,0,0,0,0,3,1,0,0,0,0,15,12,3000
573,,11 12 18 19 23 26 31,3,2,0,0,0,0,3,1,0,0,0,0,14,11,3000
574,,04 05 13 16 22 23 35,2,0,0,0,0,0,2,0,0,0,0,0,5,8,3000
575,,02 12 18 20 25 28 30,2,0,0,0,0,0,3,1,0,0,0,0,9,15,3000
576,,11 13 14 18 19 23 31,2,0,0,0,0,0,3,2,0,0,0,0,14,17,3000
577,,11 13 19 25 29 36 37,2,0,0,0,0,0,3,3,0,0,0,0,13,18,3000
578,,02 15 19 20 22 31 36,1,0,0,0,0,0,4,2,1,0,0,0,7,15,3000
579,,07 19 23 33 34 35 36,3,1,0,0,0,0,3,1,0,0,0,0,15,12,3000
580,,04 13 14 15 17 27 33,2,0,0,0,0,0,3,1,0,0,0,0,13,15,3000
581,,03 08 10 15 18 23 37,3,3,0,0,0,0,2,0,0,0,0,0,18,11,3000
582,,05 07 22 29 30 32 36,4,2,1,0,0,0,2,0,0,0,0,0,21,6,3000
583,,01 05 08 09 20 30 37,2,0,0,0,0,0,2,0,0,0,0,0,12,14,3000
584,,10 11 12 17 23 30 36,3,1,0,0,0,0,3,1,0,0,0,0,11,11,3000
585,,06 11 13 14 16 27 34,2,0,0,0,0,0,2,0,0,0,0,0,17,10,3000
586,,01 02 04 14 15 22 23,2,0,0,0,0,0,2,0,0,0,0,0,9,16,3000
587,,15 18 21 22 23 25 32,2,0,0,0,0,0,3,1,0,0,0,0,10,10,3000
588,,03 05 09 13 15 21 31,3,2,0,0,0,0,4,1,1,0,0,0,18,17,3000
589,,01 06 08 09 14 29 33,2,0,0,0,0,0,3,1,0,0,0,0,12,14,3000
590,,01 03 09 10 15 25 35,3,1,0,0,0,0,2,0,0,0,0,0,13,12,3000
591,,04 07 08 11 21 23 35,4,2,1,0,0,0,2,0,0,0,0,0,12,13,3000
592,,03 08 11 15 19 24 32,3,2,0,0,0,0,4,2,1,0,0,0,21,13,3000
593,,03 08 09 14 15 22 32,3,1,0,0,0,0,2,0,0,0,0,0,13,12,3000
594,,05 12 21 25 27 34 36,3,1,0,0,0,0,2,0,0,0,0,0,12,14,3000
595,,14 15 16 19 25 28 33,3,1,0,0,0,0,3,3,0,0,0,0,17,16,3000
596,,01 09 16 19 23 29 32,2,0,0,0,0,0,3,1,0,0,0,0,11,17,3000
597,,02 04 14 15 22 27 34,2,0,0,0,0,0,3,2,0,0,0,0,11,14,3000
598,,01 04 07 11 12 18 26,4,2,1,0,0,0,3,1,0,0,0,0,19,12,3000
599,,04 07 16 19 26 31 33,2,0,0,0,0,0,2,0,0,0,0,0,5,9,3000
600,,01 02 12 16 19 29 32,2,0,0,0,0,0,3,3,0,0,0,0,9,18,3000
601,,04 08 18 20 29 35 37,3,4,0,0,0,0,3,1,0,0,0,0,21,13,3000
602,,07 15 18 24 29 31 34,2,0,0,0,0,0,3,2,0,0,0,0,10,11,3000
603,,04 09 10 23 28 30 34,3,5,0,0,0,0,4,2,1,0,0,0,24,15,3000
604,,04 06 09 12 25 31 36,3,1,0,0,0,0,3,1,0,0,0,0,13,12,3000
605,,02 08 15 26 28 31 32,3,1,0,0,0,0,4,3,1,0,0,0,15,22,3000
606,,09 17 18 20 22 27 36,3,3,0,0,0,0,2,0,0,0,0,0,19,8,3000
607,,12 14 20 27 31 34 37,2,0,0,0,0,0,3,1,0,0,0,0,14,13,3000
608,,07 10 11 18 20 29 30,3,3,0,0,0,0,2,0,0,0,0,0,12,13,3000
609,,04 11 12 23 26 32 37,3,1,0,0,0,0,3,1,0,0,0,0,15,14,3000
610,,01 08 09 23 24 31 36,2,0,0,0,0,0,2,0,0,0,0,0,7,11,3000
611,,07 08 11 18 20 30 34,2,0,0,0,0,0,2,0,0,0,0,0,9,11,3000
612,,05 13 16 23 27 31 34,3,3,0,0,0,0,3,1,0,0,0,0,20,13,3000
613,,03 05 06 10 19 21 35,4,7,1,0,0,0,4,2,1,0,0,0,28,12,3000
614,,14 21 22 23 24 28 34,2,0,0,0,0,0,2,0,0,0,0,0,14,14,3000
615,,04 11 21 26 27 28 33,2,0,0,0,0,0,4,1,1,0,0,0,15,16,3000
616,,07 15 20 28 29 34 36,3,1,0,0,0,0,5,1,1,1,0,0,19,15,3000
617,,02 06 10 12 25 28 35,3,4,0,0,0,0,3,1,0,0,0,0,22,17,3000
618,,07 17 20 23 24 34 36,2,0,0,0,0,0,2,0,0,0,0,0,14,13,3000
619,,08 09 18 20 27 29 32,4,7,1,0,0,0,3,1,0,0,0,0,28,14,3000
620,,02 04 08 10 12 29 32,2,0,0,0,0,0,3,1,0,0,0,0,9,15,3000
621,,01 02 12 13 14 30 36,5,5,2,1,0,0,3,1,0,0,0,0,27,10,3000
622,,01 10 28 29 30 33 34,2,0,0,0,0,0,3,1,0,0,0,0,8,9,3000
623,,09 12 22 26 28 31 37,3,5,0,0,0,0,3,1,0,0,0,0,22,8,3000
624,,02 14 15 26 27 34 36,3,1,0,0,0,0,4,2,1,0,0,0,17,16,3000
625,,03 10 12 18 19 24 32,4,4,1,0,0,0,3,2,0,0,0,0,23,13,3000
626,,01 03 07 12 17 32 34,3,1,0,0,0,0,2,0,0,0,0,0,10,10,3000
627,,09 15 21 30 33 34 37,3,1,0,0,0,0,2,0,0,0,0,0,14,9,3000
628,,01 08 09 11 18 27 35,3,2,0,0,0,0,3,1,0,0,0,0,17,14,3000
629,,02 07 09 21 23 24 30,2,0,0,0,0,0,4,3,1,0,0,0,8,21,3000
630,,04 06 08 23 28 29 34,4,2,1,0,0,0,2,0,0,0,0,0,19,8,3000
631,,02 03 06 17 33 35 36,1,0,0,0,0,0,3,2,0,0,0,0,6,11,3000
632,,05 07 10 11 29 31 37,3,2,0,0,0,0,3,1,0,0,0,0,18,13,3000
633,,02 05 10 17 21 31 36,1,0,0,0,0,0,3,3,0,0,0,0,3,14,3000
634,,02 12 18 29 32 36 37,3,3,0,0,0,0,3,1,0,0,0,0,17,17,3000
635,,10 12 20 29 30 31 34,2,0,0,0,0,0,3,1,0,0,0,0,16,14,3000
636,,10 14 17 20 26 27 29,2,0,0,0,0,0,3,1,0,0,0,0,8,15,3000
637,,01 04 07 08 09 20 21,2,0,0,0,0,0,2,0,0,0,0,0,10,11,3000
638,,01 06 18 19 35 36 37,2,0,0,0,0,0,4,3,1,0,0,0,6,16,3000
639,,05 09 12 15 30 31 34,2,0,0,0,0,0,3,1,0,0,0,0,12,15,3000
640,,02 07 09 12 13 14 29,2,0,0,0,0,0,3,2,0,0,0,0,12,16,3000
641,,01 03 07 23 24 33 36,3,1,0,0,0,0,3,2,0,0,0,0,13,11,3000
642,,01 07 22 23 33 34 35,2,0,0,0,0,0,2,0,0,0,0,0,9,12,3000
643,,01 05 15 16 18 27 34,3,2,0,0,0,0,3,1,0,0,0,0,17,11,3000
644,,01 11 12 14 20 26 29,5,1,1,1,0,0,3,3,0,0,0,0,22,18,3000
645,,07 10 16 20 26 32 35,2,0,0,0,0,0,3,1,0,0,0,0,12,9,3000
646,,05 12 13 15 18 35 37,3,1,0,0,0,0,4,1,1,0,0,0,13,17,3000
647,,04 05 09 13 17 22 28,3,4,0,0,0,0,3,2,0,0,0,0,20,16,3000
648,,03 17 19 24 28 29 35,2,0,0,0,0,0,2,0,0,0,0,0,11,12,3000
649,,12 22 23 26 33 35 37,3,1,0,0,0,0,2,0,0,0,0,0,10,5,3000
650,,01 08 10 14 25 33 35,4,5,2,0,0,0,3,1,0,0,0,0,27,10,3000
651,,02 13 19 20 24 26 35,2,0,0,0,0,0,3,1,0,0,0,0,11,14,3000
652,,01 16 21 26 27 30 35,5,1,1,1,0,0,4,1,1,0,0,0,20,13,3000
653,,06 07 12 25 26 30 33,2,0,0,0,0,0,3,2,0,0,0,0,13,13,3000
654,,03 12 25 29 30 32 33,1,0,0,0,0,0,2,0,0,0,0,0,7,13,3000
655,,04 05 12 13 24 26 33,1,0,0,0,0,0,2,0,0,0,0,0,8,11,3000
656,,01 04 06 20 30 34 37,2,0,0,0,0,0,2,0,0,0,0,0,13,14,3000
657,,09 11 16 23 27 29 32,3,1,0,0,0,0,2,0,0,0,0,0,19,12,3000
658,,10 12 16 18 19 22 37,3,1,0,0,0,0,4,1,1,0,0,0,16,13,3000
659,,02 08 09 14 27 34 36,4,4,1,0,0,0,3,1,0,0,0,0,23,16,3000
660,,04 06 12 13 16 17 31,4,6,1,0,0,0,3,1,0,0,0,0,24,17,3000
661,,07 12 17 22 31 34 35,4,1,1,0,0,0,3,1,0,0,0,0,14,11,3000
662,,04 14 15 21 22 24 37,3,3,0,0,0,0,3,1,0,0,0,0,19,10,3000
663,,04 06 10 11 13 17 23,2,0,0,0,0,0,2,0,0,0,0,0,8,11,3000
664,,03 06 08 14 21 22 31,2,0,0,0,0,0,3,2,0,0,0,0,8,14,3000
665,,06 08 14 19 22 25 35,3,1,0,0,0,0,2,0,0,0,0,0,15,13,3000
666,,02 17 18 22 23 25 33,2,0,0,0,0,0,3,5,0,0,0,0,12,21,3000
667,,09 13 20 22 28 29 33,5,6,1,1,0,0,3,2,0,0,0,0,27,15,3000
668,,01 08 11 14 18 22 29,2,0,0,0,0,0,3,1,0,0,0,0,11,10,3000
669,,03 05 06 07 09 13 16,3,2,0,0,0,0,2,0,0,0,0,0,20,13,3000
670,,03 04 09 10 18 21 37,3,1,0,0,0,0,3,1,0,0,0,0,13,12,3000
671,,07 13 16 22 28 33 36,2,0,0,0,0,0,3,1,0,0,0,0,9,12,3000
672,,07 11 15 16 17 24 33,3,1,0,0,0,0,2,0,0,0,0,0,14,14,3000
673,,06 09 10 12 16 24 32,2,0,0,0,0,0,3,3,0,0,0,0,15,16,3000
674,,01 06 07 09 12 22 26,3,2,0,0,0,0,3,2,0,0,0,0,20,15,3000
675,,05 08 16 18 24 28 31,2,0,0,0,0,0,3,1,0,0,0,0,7,15,3000
676,,02 06 15 19 20 22 27,3,4,0,0,0,0,3,1,0,0,0,0,20,11,3000
677,,05 06 07 08 15 17 19,2,0,0,0,0,0,3,2,0,0,0,0,9,13,3000
678,,02 06 12 15 24 26 34,2,0,0,0,0,0,3,1,0,0,0,0,10,8,3000
679,,06 08 09 18 22 24 35,3,1,0,0,0,0,2,0,0,0,0,0,11,10,3000
680,,09 10 22 26 27 31 36,2,0,0,0,0,0,3,1,0,0,0,0,9,18,3000
681,,01 10 12 13 19 33 35,2,0,0,0,0,0,2,0,0,0,0,0,9,10,3000
682,,11 14 17 23 28 30 36,4,3,1,0,0,0,2,0,0,0,0,0,20,12,3000
683,,11 21 22 25 28 29 36,3,2,0,0,0,0,3,2,0,0,0,0,19,15,3000
684,,08 14 17 19 20 32 36,4,2,1,0,0,0,3,1,0,0,0,0,15,12,3000
685,,01 05 16 20 21 22 31,3,1,0,0,0,0,3,2,0,0,0,0,11,19,3000
686,,01 03 16 18 32 34 35,2,0,0,0,0,0,3,1,0,0,0,0,11,12,3000
687,,15 22 23 24 25 29 36,3,1,0,0,0,0,3,1,0,0,0,0,15,10,3000
688,,04 21 25 28 30 35 37,4,3,1,0,0,0,3,3,0,0,0,0,23,15,3000
689,,04 18 23 24 32 33 35,2,0,0,0,0,0,4,2,1,0,0,0,11,21,3000
690,,03 10 14 17 18 20 25,2,0,0,0,0,0,3,1,0,0,0,0,9,13,3000
691,,08 10 20 22 23 27 37,2,0,0,0,0,0,2,0,0,0,0,0,11,11,3000
692,,07 09 15 18 20 28 31,4,4,1,0,0,0,2,0,0,0,0,0,22,9,3000
693,,16 17 22 23 25 33 35,2,0,0,0,0,0,4,1,1,0,0,0,11,16,3000
694,,03 13 24 26 30 31 36,3,3,0,0,0,0,3,1,0,0,0,0,21,13,3000
695,,05 06 11 16 22 24 34,4,4,1,0,0,0,3,1,0,0,0,0,22,11,3000
